model,auc_roc,auc_pr,brier,base_rate,n,n_positive,precision_top10,lift_top10,cv_auc_mean,cv_auc_std,detection_rate,detections
naive,0.5,0.016919943600188,0.016633659108754455,0.016919943600188,6383,108,0.016919943600188,1.0,0.016919943600188,0.0,0.0,
logistic_simple,0.598092952691295,0.022072206353297954,0.016638820960414885,0.016922594797869006,6382,108,0.02034428794992175,1.202196719411117,0.6388395594124644,0.0867118424402626,0.16666666666666666,3/18
pitf_style,0.5821689158077428,0.019034863022615728,0.016638725128683765,0.016922594797869006,6382,108,0.014084507042253521,0.8322900365153887,0.48028803983919244,0.08635102823770523,0.05555555555555555,1/18
factors_only,0.6823424986545211,0.03772067016426031,0.020048414880085404,0.020465489566613163,4984,102,0.056112224448897796,2.741797320130457,0.5584246823526109,0.07907944382105701,0.17647058823529413,3/17
factors_hmm,0.6949172806782903,0.03645507987123834,0.020219774208372465,0.020647773279352227,4940,102,0.038461538461538464,1.8627450980392157,0.6063521642227764,0.07110857913714709,0.23529411764705882,4/17
factors_hmm_network,0.7046056951097925,0.04125025767427705,0.020217116991586844,0.020647773279352227,4940,102,0.038461538461538464,1.8627450980392157,0.6192813639396643,0.07087427604386651,0.23529411764705882,4/17
aim4d_full,0.8400917194698067,0.11637323966574527,0.019935546869644123,0.021170610211706103,4818,102,0.12033195020746888,5.683915059799853,0.8329856408288209,0.05535475620218528,0.6470588235294118,11/17
