K,cumulative_var,weighted_kappa,detection_rate,detections,csd_auc
3,0.5254772512253189,0.6726715586727485,0.17647058823529413,3/17,0.5109357208974663
4,0.5496292690114166,0.662165542748008,0.17647058823529413,3/17,0.5410553721558251
5,0.5716566030117889,0.5540542071191649,0.17647058823529413,3/17,0.6182081800830622
