,contiguity,alliance,trade,full
contiguity,0.9999999999999998,0.7485370637162119,0.8130272678080955,0.8296989193792538
alliance,0.7485370637162119,0.9999999999999998,0.8913077725696306,0.9623780505903116
trade,0.8130272678080955,0.8913077725696306,0.9999999999999998,0.9269114064508468
full,0.8296989193792538,0.9623780505903116,0.9269114064508468,0.9999999999999998
