edge_type,mse_full,mse_no_network,network_improvement_pct,n_spatial_edges,mean_contagion,std_contagion
contiguity,0.06757564842700958,0.07491050660610199,9.791494559849808,17352,0.30143537737792975,0.13894997532837833
alliance,0.07106661051511765,0.07831213623285294,9.252110932322774,134408,0.3110650613072286,0.12302505102383891
trade,0.07305219769477844,0.07802867889404297,6.377759139075276,24840,0.3413595713977952,0.142768077445157
full,0.07162778824567795,0.07839976996183395,8.637757125375108,176600,0.34632277228935904,0.13236950908269632
