metric,value
auc_polity_3yr,0.5284943499949099
auc_polity_5yr,0.5006085756454735
